<metadata xml:lang="es"><Esri><CreaDate>20161216</CreaDate><CreaTime>14382200</CreaTime><ArcGISFormat>1.0</ArcGISFormat><SyncOnce>FALSE</SyncOnce><DataProperties><lineage><Process ToolSource="c:\arcgis\desktop10.3\ArcToolbox\Toolboxes\Data Management Tools.tbx\CalculateField" Date="20160711" Time="173610">CalculateField geom_23regions ordensubu "423" VB #</Process><Process ToolSource="c:\arcgis\desktop10.3\ArcToolbox\Toolboxes\Data Management Tools.tbx\CalculateField" Date="20160711" Time="173846">CalculateField geom_23regions ordensubu "423" VB #</Process><Process ToolSource="c:\arcgis\desktop10.3\ArcToolbox\Toolboxes\Data Management Tools.tbx\CalculateField" Date="20160711" Time="174455">CalculateField geom_23regions codigeom [ordensubu] VB #</Process><Process ToolSource="c:\arcgis\desktop10.3\ArcToolbox\Toolboxes\Data Management Tools.tbx\CalculateField" Date="20160711" Time="180117">CalculateField geom_23regions etiqueta "M-ig" VB #</Process><Process ToolSource="c:\arcgis\desktop10.3\ArcToolbox\Toolboxes\Data Management Tools.tbx\CalculateField" Date="20160712" Time="151002">CalculateField Geomorfologia_Peru sub_uni "Colina y lomada disectada en roca sedimentaria" VB #</Process><Process ToolSource="c:\arcgis\desktop10.3\ArcToolbox\Toolboxes\Data Management Tools.tbx\CalculateField" Date="20160725" Time="103037">CalculateField Geomorfologia_Peru sub_uni "Montaña estructural en roca volcánico-sedimentaria" VB #</Process><Process ToolSource="c:\arcgis\desktop10.3\ArcToolbox\Toolboxes\Data Management Tools.tbx\CalculateField" Date="20160725" Time="103112">CalculateField Geomorfologia_Peru sub_uni "Montaña estructural en roca volcano-sedimentaria" VB #</Process><Process ToolSource="c:\arcgis\desktop10.3\ArcToolbox\Toolboxes\Data Management Tools.tbx\CalculateField" Date="20160725" Time="103529">CalculateField Geomorfologia_Peru sub_uni "Mesetas colinas y lomadas volcanoclásticas y volcano-sedimentarias" VB #</Process><Process ToolSource="c:\arcgis\desktop10.3\ArcToolbox\Toolboxes\Data Management Tools.tbx\CalculateField" Date="20160802" Time="092455">CalculateField geomorfologia_peru_v01 sub_uni "Colina y lomada en roca volcano- sedimentaria" VB #</Process><Process ToolSource="c:\arcgis\desktop10.3\ArcToolbox\Toolboxes\Data Management Tools.tbx\CalculateField" Date="20160802" Time="092555">CalculateField geomorfologia_peru_v01 sub_uni "Colina y lomada en roca sedimentaria" VB #</Process><Process ToolSource="c:\arcgis\desktop10.3\ArcToolbox\Toolboxes\Data Management Tools.tbx\CalculateField" Date="20160802" Time="092648">CalculateField geomorfologia_peru_v01 sub_uni "Estratovolcán" VB #</Process><Process ToolSource="c:\arcgis\desktop10.3\ArcToolbox\Toolboxes\Data Management Tools.tbx\CalculateField" Date="20160802" Time="092813">CalculateField geomorfologia_peru_v01 sub_uni "Domo volcánico" VB #</Process><Process ToolSource="c:\arcgis\desktop10.3\ArcToolbox\Toolboxes\Data Management Tools.tbx\CalculateField" Date="20160802" Time="092938">CalculateField geomorfologia_peru_v01 sub_uni "Colina y lomada ignimbrítica" VB #</Process><Process ToolSource="c:\arcgis\desktop10.3\ArcToolbox\Toolboxes\Data Management Tools.tbx\CalculateField" Date="20160802" Time="094542">CalculateField geomorfologia_peru_v01 sub_uni "Montaña en roca volcano-sedimentaria" VB #</Process><Process ToolSource="c:\arcgis\desktop10.3\ArcToolbox\Toolboxes\Data Management Tools.tbx\CalculateField" Date="20160802" Time="095148">CalculateField geomorfologia_peru_v01 sub_uni "Colina y lomada en roca volcano-sedimentaria" VB #</Process><Process ToolSource="c:\arcgis\desktop10.3\ArcToolbox\Toolboxes\Data Management Tools.tbx\CalculateField" Date="20160802" Time="095326">CalculateField geomorfologia_peru_v01 sub_uni "Colina y lomada disectada en roca volcano-sedimentaria" VB #</Process><Process ToolSource="c:\arcgis\desktop10.3\ArcToolbox\Toolboxes\Data Management Tools.tbx\CalculateField" Date="20160802" Time="125448">CalculateField geomorfologia_peru_v01 sub_uni "Superficie de flujo piroclástico" VB #</Process><Process ToolSource="c:\arcgis\desktop10.3\ArcToolbox\Toolboxes\Data Management Tools.tbx\CalculateField" Date="20160802" Time="125709">CalculateField geomorfologia_peru_v01 sub_uni "Superficie de flujo piroclástico disectado o erosionado" VB #</Process><Process ToolSource="c:\arcgis\desktop10.3\ArcToolbox\Toolboxes\Data Management Tools.tbx\CalculateField" Date="20160823" Time="120442">CalculateField geomorfologia_peru_v01 sub_uni "Montaña en roca volcano-sedimentaria" VB #</Process><Process ToolSource="c:\arcgis\desktop10.3\ArcToolbox\Toolboxes\Data Management Tools.tbx\CalculateField" Date="20160823" Time="120639">CalculateField geomorfologia_peru_v01 sub_uni "Montaña estructural en roca volcano-sedimentaria" VB #</Process><Process ToolSource="c:\arcgis\desktop10.3\ArcToolbox\Toolboxes\Data Management Tools.tbx\CalculateField" Date="20160823" Time="121148">CalculateField geomorfologia_peru_v01 sub_uni "Colina y lomada en roca volcano-sedimentaria" VB #</Process><Process ToolSource="c:\arcgis\desktop10.3\ArcToolbox\Toolboxes\Data Management Tools.tbx\CalculateField" Date="20160823" Time="121403">CalculateField geomorfologia_peru_v01 sub_uni "Superficie de flujo piroclástico" VB #</Process><Process ToolSource="c:\arcgis\desktop10.3\ArcToolbox\Toolboxes\Data Management Tools.tbx\CalculateField" Date="20160823" Time="121615">CalculateField geomorfologia_peru_v01 sub_uni "Superficie de flujo piroclástico disectado o erosionado" VB #</Process><Process ToolSource="c:\arcgis\desktop10.3\ArcToolbox\Toolboxes\Data Management Tools.tbx\CalculateField" Date="20161025" Time="090943">CalculateField geomorfologia_peru_v01 etiqueta "RCE-rs" VB #</Process><Process ToolSource="c:\arcgis\desktop10.3\ArcToolbox\Toolboxes\Data Management Tools.tbx\CalculateField" Date="20161025" Time="091020">CalculateField geomorfologia_peru_v01 sub_uni "Colina estructural en roca sedimentarias" VB #</Process><Process ToolSource="c:\arcgis\desktop10.3\ArcToolbox\Toolboxes\Data Management Tools.tbx\CalculateField" Date="20161025" Time="091131">CalculateField geomorfologia_peru_v01 codigeom "218" VB #</Process><Process ToolSource="c:\arcgis\desktop10.3\ArcToolbox\Toolboxes\Data Management Tools.tbx\CalculateField" Date="20161025" Time="091526">CalculateField geomorfologia_peru_v01 sub_uni "Colina estructural en roca sedimentaria" VB #</Process><Process ToolSource="c:\arcgis\desktop10.3\ArcToolbox\Toolboxes\Data Management Tools.tbx\CalculateField" Date="20161025" Time="152449">CalculateField geomorfologia_peru_v01 etiqueta "RCLD-rs" VB #</Process><Process ToolSource="c:\arcgis\desktop10.3\ArcToolbox\Toolboxes\Data Management Tools.tbx\CalculateField" Date="20161025" Time="152529">CalculateField geomorfologia_peru_v01 sub_uni "Colina y lomada disectada en roca sedimentaria" VB #</Process><Process ToolSource="c:\arcgis\desktop10.3\ArcToolbox\Toolboxes\Data Management Tools.tbx\CalculateField" Date="20161025" Time="152606">CalculateField geomorfologia_peru_v01 codigeom "258" VB #</Process><Process ToolSource="c:\arcgis\desktop10.3\ArcToolbox\Toolboxes\Data Management Tools.tbx\CalculateField" Date="20161028" Time="095334">CalculateField geomorfologia_peru_v01 sub_uni "Complejo volcánico" VB #</Process><Process ToolSource="c:\arcgis\desktop10.3\ArcToolbox\Toolboxes\Data Management Tools.tbx\CalculateField" Date="20161028" Time="095403">CalculateField geomorfologia_peru_v01 etiqueta "Co-v" VB #</Process><Process ToolSource="c:\arcgis\desktop10.3\ArcToolbox\Toolboxes\Data Management Tools.tbx\CalculateField" Date="20161028" Time="095455">CalculateField geomorfologia_peru_v01 codigeom "412" VB #</Process><Process ToolSource="c:\arcgis\desktop10.3\ArcToolbox\Toolboxes\Data Management Tools.tbx\CalculateField" Date="20161028" Time="152918">CalculateField geomorfologia_peru_v01 etiqueta "CL-ig" VB #</Process><Process ToolSource="c:\arcgis\desktop10.3\ArcToolbox\Toolboxes\Data Management Tools.tbx\CalculateField" Date="20161028" Time="152950">CalculateField geomorfologia_peru_v01 sub_uni "Colina y lomada ignimbrítica" VB #</Process><Process ToolSource="c:\arcgis\desktop10.3\ArcToolbox\Toolboxes\Data Management Tools.tbx\CalculateField" Date="20161028" Time="153018">CalculateField geomorfologia_peru_v01 codigeom "418" VB #</Process><Process ToolSource="c:\arcgis\desktop10.3\ArcToolbox\Toolboxes\Data Management Tools.tbx\CalculateField" Date="20161031" Time="141206">CalculateField geomorfologia_peru_v01 sub_uni "Valle glaciar" VB #</Process><Process ToolSource="c:\arcgis\desktop10.3\ArcToolbox\Toolboxes\Data Management Tools.tbx\CalculateField" Date="20161031" Time="141233">CalculateField geomorfologia_peru_v01 etiqueta "Vll-gl" VB #</Process><Process ToolSource="c:\arcgis\desktop10.3\ArcToolbox\Toolboxes\Data Management Tools.tbx\CalculateField" Date="20161031" Time="141250">CalculateField geomorfologia_peru_v01 codigeom "452" VB #</Process><Process ToolSource="c:\arcgis\desktop10.3\ArcToolbox\Toolboxes\Data Management Tools.tbx\CalculateField" Date="20161125" Time="150636">CalculateField geomorfologia_peru_v01 etiqueta "T-al" VB #</Process><Process ToolSource="c:\arcgis\desktop10.3\ArcToolbox\Toolboxes\Data Management Tools.tbx\CalculateField" Date="20161125" Time="150652">CalculateField geomorfologia_peru_v01 sub_uni "Terraza aluvial" VB #</Process><Process ToolSource="c:\arcgis\desktop10.3\ArcToolbox\Toolboxes\Data Management Tools.tbx\CalculateField" Date="20161125" Time="150721">CalculateField geomorfologia_peru_v01 codigeom 650 VB #</Process><Process ToolSource="c:\program files\arcgis\pro\Resources\ArcToolbox\toolboxes\Analysis Tools.tbx\Clip" Date="20251003" Time="105625">Clip Geomorfologia_PERU_En_Revisión PROVINCIAS_ine_ExportFeature C:\Users\DANIEL\Documents\ArcGIS\Projects\AUTOMATIZACION\AUTOMATIZACION.gdb\Geomorfologia_Clip #</Process><Process ToolSource="c:\program files\arcgis\pro\Resources\ArcToolbox\toolboxes\Conversion Tools.tbx\ExportFeatures" Date="20251003" Time="110245">ExportFeatures Geomorfologia_Clip C:\Users\DANIEL\Documents\ArcGIS\Projects\AUTOMATIZACION\resultado\GEOMORFO_CLIP.shp # NOT_USE_ALIAS "etiqueta "etiqueta" true true false 10 Text 0 0,First,#,Geomorfologia_Clip,etiqueta,0,10;sub_uni "sub_uni" true true false 100 Text 0 0,First,#,Geomorfologia_Clip,sub_uni,0,100;codigeom "codigeom" true true false 10 Text 0 0,First,#,Geomorfologia_Clip,codigeom,0,10;Shape_Length "Shape_Length" false true true 8 Double 0 0,First,#,Geomorfologia_Clip,Shape_Length,-1,-1;Shape_Area "Shape_Area" false true true 8 Double 0 0,First,#,Geomorfologia_Clip,Shape_Area,-1,-1" #</Process><Process ToolSource="c:\program files\arcgis\pro\Resources\ArcToolbox\toolboxes\Conversion Tools.tbx\ExportFeatures" Date="20251004" Time="142752">ExportFeatures GEOMORFO_CLIP C:\Users\DANIEL\Desktop\VICTORIA\DANYPORRAS\geomorfologia\geomorfologia.shp # NOT_USE_ALIAS "etiqueta "etiqueta" true true false 10 Text 0 0,First,#,GEOMORFO_CLIP,etiqueta,0,10;sub_uni "sub_uni" true true false 100 Text 0 0,First,#,GEOMORFO_CLIP,sub_uni,0,100;codigeom "codigeom" true true false 10 Text 0 0,First,#,GEOMORFO_CLIP,codigeom,0,10;Shape_Leng "Shape_Leng" true true false 19 Double 0 0,First,#,GEOMORFO_CLIP,Shape_Leng,-1,-1;Shape_Area "Shape_Area" true true false 19 Double 0 0,First,#,GEOMORFO_CLIP,Shape_Area,-1,-1" #</Process></lineage><itemProps><itemName Sync="TRUE">geomorfologia</itemName><imsContentType Sync="TRUE">002</imsContentType><itemLocation><linkage Sync="TRUE">file://\\LAPTOP-GLHBPT1R\C$\Users\DANIEL\Desktop\VICTORIA\DANYPORRAS\geomorfologia\geomorfologia.shp</linkage><protocol Sync="TRUE">Local Area Network</protocol></itemLocation><itemSize Sync="TRUE">0.000</itemSize></itemProps><coordRef><type Sync="TRUE">Projected</type><geogcsn Sync="TRUE">GCS_WGS_1984</geogcsn><csUnits Sync="TRUE">Linear Unit: Meter (1.000000)</csUnits><projcsn Sync="TRUE">WGS_1984_UTM_Zone_18S</projcsn><peXml Sync="TRUE">&lt;ProjectedCoordinateSystem xsi:type='typens:ProjectedCoordinateSystem' xmlns:xsi='http://www.w3.org/2001/XMLSchema-instance' xmlns:xs='http://www.w3.org/2001/XMLSchema' xmlns:typens='http://www.esri.com/schemas/ArcGIS/3.0.0'&gt;&lt;WKT&gt;PROJCS[&amp;quot;WGS_1984_UTM_Zone_18S&amp;quot;,GEOGCS[&amp;quot;GCS_WGS_1984&amp;quot;,DATUM[&amp;quot;D_WGS_1984&amp;quot;,SPHEROID[&amp;quot;WGS_1984&amp;quot;,6378137.0,298.257223563]],PRIMEM[&amp;quot;Greenwich&amp;quot;,0.0],UNIT[&amp;quot;Degree&amp;quot;,0.0174532925199433]],PROJECTION[&amp;quot;Transverse_Mercator&amp;quot;],PARAMETER[&amp;quot;False_Easting&amp;quot;,500000.0],PARAMETER[&amp;quot;False_Northing&amp;quot;,10000000.0],PARAMETER[&amp;quot;Central_Meridian&amp;quot;,-75.0],PARAMETER[&amp;quot;Scale_Factor&amp;quot;,0.9996],PARAMETER[&amp;quot;Latitude_Of_Origin&amp;quot;,0.0],UNIT[&amp;quot;Meter&amp;quot;,1.0],AUTHORITY[&amp;quot;EPSG&amp;quot;,32718]]&lt;/WKT&gt;&lt;XOrigin&gt;-5120900&lt;/XOrigin&gt;&lt;YOrigin&gt;1900&lt;/YOrigin&gt;&lt;XYScale&gt;450445547.3910538&lt;/XYScale&gt;&lt;ZOrigin&gt;-100000&lt;/ZOrigin&gt;&lt;ZScale&gt;10000&lt;/ZScale&gt;&lt;MOrigin&gt;-100000&lt;/MOrigin&gt;&lt;MScale&gt;10000&lt;/MScale&gt;&lt;XYTolerance&gt;0.001&lt;/XYTolerance&gt;&lt;ZTolerance&gt;0.001&lt;/ZTolerance&gt;&lt;MTolerance&gt;0.001&lt;/MTolerance&gt;&lt;HighPrecision&gt;true&lt;/HighPrecision&gt;&lt;WKID&gt;32718&lt;/WKID&gt;&lt;LatestWKID&gt;32718&lt;/LatestWKID&gt;&lt;/ProjectedCoordinateSystem&gt;</peXml></coordRef></DataProperties><SyncDate>20251004</SyncDate><SyncTime>14275000</SyncTime><ModDate>20251004</ModDate><ModTime>14275000</ModTime></Esri><dataIdInfo><envirDesc Sync="TRUE">Microsoft Windows 10 Version 10.0 (Build 26100) ; Esri ArcGIS 13.0.0.36056</envirDesc><dataLang><languageCode value="spa" Sync="TRUE"></languageCode><countryCode value="PER" Sync="TRUE"></countryCode></dataLang><idCitation><resTitle Sync="TRUE">geomorfologia</resTitle><presForm><PresFormCd value="005" Sync="TRUE"></PresFormCd></presForm></idCitation><spatRpType><SpatRepTypCd value="001" Sync="TRUE"></SpatRepTypCd></spatRpType></dataIdInfo><mdLang><languageCode value="spa" Sync="TRUE"></languageCode><countryCode value="PER" Sync="TRUE"></countryCode></mdLang><distInfo><distFormat><formatName Sync="TRUE">Shapefile</formatName></distFormat><distTranOps><transSize Sync="TRUE">0.000</transSize></distTranOps></distInfo><mdHrLv><ScopeCd value="005" Sync="TRUE"></ScopeCd></mdHrLv><mdHrLvName Sync="TRUE">dataset</mdHrLvName><refSysInfo><RefSystem><refSysID><identCode code="32718" Sync="TRUE"></identCode><idCodeSpace Sync="TRUE">EPSG</idCodeSpace><idVersion Sync="TRUE">9.8.8(3.0.1)</idVersion></refSysID></RefSystem></refSysInfo><spatRepInfo><VectSpatRep><geometObjs Name="geomorfologia"><geoObjTyp><GeoObjTypCd value="002" Sync="TRUE"></GeoObjTypCd></geoObjTyp><geoObjCnt Sync="TRUE">0</geoObjCnt></geometObjs><topLvl><TopoLevCd value="001" Sync="TRUE"></TopoLevCd></topLvl></VectSpatRep></spatRepInfo><spdoinfo><ptvctinf><esriterm Name="geomorfologia"><efeatyp Sync="TRUE">Simple</efeatyp><efeageom code="4" Sync="TRUE"></efeageom><esritopo Sync="TRUE">FALSE</esritopo><efeacnt Sync="TRUE">0</efeacnt><spindex Sync="TRUE">FALSE</spindex><linrefer Sync="TRUE">TRUE</linrefer></esriterm></ptvctinf></spdoinfo><eainfo><detailed Name="geomorfologia"><enttyp><enttypl Sync="TRUE">geomorfologia</enttypl><enttypt Sync="TRUE">Feature Class</enttypt><enttypc Sync="TRUE">0</enttypc></enttyp><attr><attrlabl Sync="TRUE">FID</attrlabl><attalias Sync="TRUE">FID</attalias><attrtype Sync="TRUE">OID</attrtype><attwidth Sync="TRUE">4</attwidth><atprecis Sync="TRUE">0</atprecis><attscale Sync="TRUE">0</attscale><attrdef Sync="TRUE">Internal feature number.</attrdef><attrdefs Sync="TRUE">Esri</attrdefs><attrdomv><udom Sync="TRUE">Sequential unique whole numbers that are automatically generated.</udom></attrdomv></attr><attr><attrlabl Sync="TRUE">Shape</attrlabl><attalias Sync="TRUE">Shape</attalias><attrtype Sync="TRUE">Geometry</attrtype><attwidth Sync="TRUE">0</attwidth><atprecis Sync="TRUE">0</atprecis><attscale Sync="TRUE">0</attscale><attrdef Sync="TRUE">Feature geometry.</attrdef><attrdefs Sync="TRUE">Esri</attrdefs><attrdomv><udom Sync="TRUE">Coordinates defining the features.</udom></attrdomv></attr><attr><attrlabl Sync="TRUE">etiqueta</attrlabl><attalias Sync="TRUE">etiqueta</attalias><attrtype Sync="TRUE">String</attrtype><attwidth Sync="TRUE">10</attwidth><atprecis Sync="TRUE">0</atprecis><attscale Sync="TRUE">0</attscale></attr><attr><attrlabl Sync="TRUE">sub_uni</attrlabl><attalias Sync="TRUE">sub_uni</attalias><attrtype Sync="TRUE">String</attrtype><attwidth Sync="TRUE">100</attwidth><atprecis Sync="TRUE">0</atprecis><attscale Sync="TRUE">0</attscale></attr><attr><attrlabl Sync="TRUE">codigeom</attrlabl><attalias Sync="TRUE">codigeom</attalias><attrtype Sync="TRUE">String</attrtype><attwidth Sync="TRUE">10</attwidth><atprecis Sync="TRUE">0</atprecis><attscale Sync="TRUE">0</attscale></attr><attr><attrlabl Sync="TRUE">Shape_Leng</attrlabl><attalias Sync="TRUE">Shape_Leng</attalias><attrtype Sync="TRUE">Double</attrtype><attwidth Sync="TRUE">19</attwidth><atprecis Sync="TRUE">0</atprecis><attscale Sync="TRUE">0</attscale></attr><attr><attrlabl Sync="TRUE">Shape_Area</attrlabl><attalias Sync="TRUE">Shape_Area</attalias><attrtype Sync="TRUE">Double</attrtype><attwidth Sync="TRUE">19</attwidth><atprecis Sync="TRUE">0</atprecis><attscale Sync="TRUE">0</attscale><attrdef Sync="TRUE">Area of feature in internal units squared.</attrdef><attrdefs Sync="TRUE">Esri</attrdefs><attrdomv><udom Sync="TRUE">Positive real numbers that are automatically generated.</udom></attrdomv></attr></detailed></eainfo><mdDateSt Sync="TRUE">20251004</mdDateSt><mdChar><CharSetCd value="004" Sync="TRUE"></CharSetCd></mdChar></metadata>
