<metadata xml:lang="es"><Esri><CreaDate>20251003</CreaDate><CreaTime>10532800</CreaTime><ArcGISFormat>1.0</ArcGISFormat><SyncOnce>FALSE</SyncOnce><DataProperties><itemProps><itemName Sync="TRUE">distritos</itemName><imsContentType Sync="TRUE">002</imsContentType><itemLocation><linkage Sync="TRUE">file://\\LAPTOP-GLHBPT1R\C$\Users\DANIEL\Desktop\VICTORIA\DANYPORRAS\distritos\distritos.shp</linkage><protocol Sync="TRUE">Local Area Network</protocol></itemLocation><itemSize Sync="TRUE">0.000</itemSize></itemProps><coordRef><type Sync="TRUE">Geographic</type><geogcsn Sync="TRUE">GCS_WGS_1984</geogcsn><csUnits Sync="TRUE">Angular Unit: Degree (0.017453)</csUnits><peXml Sync="TRUE">&lt;GeographicCoordinateSystem xsi:type='typens:GeographicCoordinateSystem' xmlns:xsi='http://www.w3.org/2001/XMLSchema-instance' xmlns:xs='http://www.w3.org/2001/XMLSchema' xmlns:typens='http://www.esri.com/schemas/ArcGIS/3.0.0'&gt;&lt;WKT&gt;GEOGCS[&amp;quot;GCS_WGS_1984&amp;quot;,DATUM[&amp;quot;D_WGS_1984&amp;quot;,SPHEROID[&amp;quot;WGS_1984&amp;quot;,6378137.0,298.257223563]],PRIMEM[&amp;quot;Greenwich&amp;quot;,0.0],UNIT[&amp;quot;Degree&amp;quot;,0.0174532925199433],AUTHORITY[&amp;quot;EPSG&amp;quot;,4326]]&lt;/WKT&gt;&lt;XOrigin&gt;-400&lt;/XOrigin&gt;&lt;YOrigin&gt;-400&lt;/YOrigin&gt;&lt;XYScale&gt;11258999068426.238&lt;/XYScale&gt;&lt;ZOrigin&gt;-100000&lt;/ZOrigin&gt;&lt;ZScale&gt;10000&lt;/ZScale&gt;&lt;MOrigin&gt;-100000&lt;/MOrigin&gt;&lt;MScale&gt;10000&lt;/MScale&gt;&lt;XYTolerance&gt;8.983152841195215e-09&lt;/XYTolerance&gt;&lt;ZTolerance&gt;0.001&lt;/ZTolerance&gt;&lt;MTolerance&gt;0.001&lt;/MTolerance&gt;&lt;HighPrecision&gt;true&lt;/HighPrecision&gt;&lt;LeftLongitude&gt;-180&lt;/LeftLongitude&gt;&lt;WKID&gt;4326&lt;/WKID&gt;&lt;LatestWKID&gt;4326&lt;/LatestWKID&gt;&lt;/GeographicCoordinateSystem&gt;</peXml></coordRef><lineage><Process ToolSource="c:\program files\arcgis\pro\Resources\ArcToolbox\toolboxes\Conversion Tools.tbx\ExportFeatures" Date="20251003" Time="105329">ExportFeatures DISTRITOS_inei_geogpsperu_suyopomalia C:\Users\DANIEL\Documents\ArcGIS\Projects\AUTOMATIZACION\AUTOMATIZACION.gdb\DISTRITOS_inei_ExportFeature "NOMBPROV = 'ABANCAY'" NOT_USE_ALIAS "UBIGEO "UBIGEO" true true false 6 Text 0 0,First,#,DISTRITOS_inei_geogpsperu_suyopomalia,UBIGEO,0,6;OBJECTID "OBJECTID" true true false 19 Double 0 19,First,#,DISTRITOS_inei_geogpsperu_suyopomalia,OBJECTID,-1,-1;NOMBDEP "NOMBDEP" true true false 25 Text 0 0,First,#,DISTRITOS_inei_geogpsperu_suyopomalia,NOMBDEP,0,25;NOMBPROV "NOMBPROV" true true false 40 Text 0 0,First,#,DISTRITOS_inei_geogpsperu_suyopomalia,NOMBPROV,0,40;NOMBDIST "NOMBDIST" true true false 50 Text 0 0,First,#,DISTRITOS_inei_geogpsperu_suyopomalia,NOMBDIST,0,50;CAPITAL "CAPITAL" true true false 60 Text 0 0,First,#,DISTRITOS_inei_geogpsperu_suyopomalia,CAPITAL,0,60;POBTOTAL "POBTOTAL" true true false 19 Double 15 18,First,#,DISTRITOS_inei_geogpsperu_suyopomalia,POBTOTAL,-1,-1;POB_EDAD_T "POB_EDAD_T" true true false 19 Double 15 18,First,#,DISTRITOS_inei_geogpsperu_suyopomalia,POB_EDAD_T,-1,-1;POB_EDAD_E "POB_EDAD_E" true true false 19 Double 15 18,First,#,DISTRITOS_inei_geogpsperu_suyopomalia,POB_EDAD_E,-1,-1;DENSIDAD "DENSIDAD" true true false 19 Double 15 18,First,#,DISTRITOS_inei_geogpsperu_suyopomalia,DENSIDAD,-1,-1;POBMASCU "POBMASCU" true true false 19 Double 15 18,First,#,DISTRITOS_inei_geogpsperu_suyopomalia,POBMASCU,-1,-1;POBFEMEN "POBFEMEN" true true false 19 Double 15 18,First,#,DISTRITOS_inei_geogpsperu_suyopomalia,POBFEMEN,-1,-1;POBMASCU_P "POBMASCU_P" true true false 19 Double 15 18,First,#,DISTRITOS_inei_geogpsperu_suyopomalia,POBMASCU_P,-1,-1;POBFEMEN_P "POBFEMEN_P" true true false 19 Double 15 18,First,#,DISTRITOS_inei_geogpsperu_suyopomalia,POBFEMEN_P,-1,-1;R_MASCULIN "R_MASCULIN" true true false 19 Double 15 18,First,#,DISTRITOS_inei_geogpsperu_suyopomalia,R_MASCULIN,-1,-1;POBURBANA "POBURBANA" true true false 19 Double 15 18,First,#,DISTRITOS_inei_geogpsperu_suyopomalia,POBURBANA,-1,-1;POBRURAL "POBRURAL" true true false 19 Double 15 18,First,#,DISTRITOS_inei_geogpsperu_suyopomalia,POBRURAL,-1,-1;POBURBANA_ "POBURBANA_" true true false 19 Double 15 18,First,#,DISTRITOS_inei_geogpsperu_suyopomalia,POBURBANA_,-1,-1;POBRURAL_P "POBRURAL_P" true true false 19 Double 15 18,First,#,DISTRITOS_inei_geogpsperu_suyopomalia,POBRURAL_P,-1,-1;EDAD_PROME "EDAD_PROME" true true false 19 Double 15 18,First,#,DISTRITOS_inei_geogpsperu_suyopomalia,EDAD_PROME,-1,-1;POB_0_14 "POB_0_14" true true false 19 Double 15 18,First,#,DISTRITOS_inei_geogpsperu_suyopomalia,POB_0_14,-1,-1;POB_15_29 "POB_15_29" true true false 19 Double 15 18,First,#,DISTRITOS_inei_geogpsperu_suyopomalia,POB_15_29,-1,-1;POB_30_59 "POB_30_59" true true false 19 Double 15 18,First,#,DISTRITOS_inei_geogpsperu_suyopomalia,POB_30_59,-1,-1;POB_60_MAS "POB_60_MAS" true true false 19 Double 15 18,First,#,DISTRITOS_inei_geogpsperu_suyopomalia,POB_60_MAS,-1,-1;VIV_PARTIC "VIV_PARTIC" true true false 19 Double 15 18,First,#,DISTRITOS_inei_geogpsperu_suyopomalia,VIV_PARTIC,-1,-1;VIV_PART_1 "VIV_PART_1" true true false 19 Double 15 18,First,#,DISTRITOS_inei_geogpsperu_suyopomalia,VIV_PART_1,-1,-1;HOGARES "HOGARES" true true false 19 Double 15 18,First,#,DISTRITOS_inei_geogpsperu_suyopomalia,HOGARES,-1,-1;Shape_Leng "Shape_Leng" true true false 19 Double 15 18,First,#,DISTRITOS_inei_geogpsperu_suyopomalia,Shape_Leng,-1,-1;Shape_Area "Shape_Area" true true false 19 Double 15 18,First,#,DISTRITOS_inei_geogpsperu_suyopomalia,Shape_Area,-1,-1;DIRECCION "DIRECCION" true true false 254 Text 0 0,First,#,DISTRITOS_inei_geogpsperu_suyopomalia,DIRECCION,0,254;POB_PROYEC "POB_PROYEC" true true false 19 Double 15 18,First,#,DISTRITOS_inei_geogpsperu_suyopomalia,POB_PROYEC,-1,-1;POB_EDAD_1 "POB_EDAD_1" true true false 19 Double 15 18,First,#,DISTRITOS_inei_geogpsperu_suyopomalia,POB_EDAD_1,-1,-1;POB_EDAD_2 "POB_EDAD_2" true true false 19 Double 15 18,First,#,DISTRITOS_inei_geogpsperu_suyopomalia,POB_EDAD_2,-1,-1;EDAD_MEDIA "EDAD_MEDIA" true true false 19 Double 15 18,First,#,DISTRITOS_inei_geogpsperu_suyopomalia,EDAD_MEDIA,-1,-1;POB_0_14_P "POB_0_14_P" true true false 19 Double 15 18,First,#,DISTRITOS_inei_geogpsperu_suyopomalia,POB_0_14_P,-1,-1;POB_15_29_ "POB_15_29_" true true false 19 Double 15 18,First,#,DISTRITOS_inei_geogpsperu_suyopomalia,POB_15_29_,-1,-1;POB_30_59_ "POB_30_59_" true true false 19 Double 15 18,First,#,DISTRITOS_inei_geogpsperu_suyopomalia,POB_30_59_,-1,-1;POB_60_M_1 "POB_60_M_1" true true false 19 Double 15 18,First,#,DISTRITOS_inei_geogpsperu_suyopomalia,POB_60_M_1,-1,-1;POB_ANALFA "POB_ANALFA" true true false 19 Double 15 18,First,#,DISTRITOS_inei_geogpsperu_suyopomalia,POB_ANALFA,-1,-1;POB_ANAL_1 "POB_ANAL_1" true true false 19 Double 15 18,First,#,DISTRITOS_inei_geogpsperu_suyopomalia,POB_ANAL_1,-1,-1;HOMBRES_AN "HOMBRES_AN" true true false 19 Double 15 18,First,#,DISTRITOS_inei_geogpsperu_suyopomalia,HOMBRES_AN,-1,-1;HOMBRES__1 "HOMBRES__1" true true false 19 Double 15 18,First,#,DISTRITOS_inei_geogpsperu_suyopomalia,HOMBRES__1,-1,-1;MUJERES_AN "MUJERES_AN" true true false 19 Double 15 18,First,#,DISTRITOS_inei_geogpsperu_suyopomalia,MUJERES_AN,-1,-1;MUJERES__1 "MUJERES__1" true true false 19 Double 15 18,First,#,DISTRITOS_inei_geogpsperu_suyopomalia,MUJERES__1,-1,-1;MUJERES_ED "MUJERES_ED" true true false 19 Double 15 18,First,#,DISTRITOS_inei_geogpsperu_suyopomalia,MUJERES_ED,-1,-1;MUJERES__2 "MUJERES__2" true true false 19 Double 15 18,First,#,DISTRITOS_inei_geogpsperu_suyopomalia,MUJERES__2,-1,-1;TOTAL_MADR "TOTAL_MADR" true true false 19 Double 15 18,First,#,DISTRITOS_inei_geogpsperu_suyopomalia,TOTAL_MADR,-1,-1;MADRES_SOL "MADRES_SOL" true true false 19 Double 15 18,First,#,DISTRITOS_inei_geogpsperu_suyopomalia,MADRES_SOL,-1,-1;MADRES_S_1 "MADRES_S_1" true true false 19 Double 15 18,First,#,DISTRITOS_inei_geogpsperu_suyopomalia,MADRES_S_1,-1,-1;MUJERES_AD "MUJERES_AD" true true false 19 Double 15 18,First,#,DISTRITOS_inei_geogpsperu_suyopomalia,MUJERES_AD,-1,-1;MADRES_ADO "MADRES_ADO" true true false 19 Double 15 18,First,#,DISTRITOS_inei_geogpsperu_suyopomalia,MADRES_ADO,-1,-1;MADRES_A_1 "MADRES_A_1" true true false 19 Double 15 18,First,#,DISTRITOS_inei_geogpsperu_suyopomalia,MADRES_A_1,-1,-1;AL_MENOS_1 "AL_MENOS_1" true true false 19 Double 15 18,First,#,DISTRITOS_inei_geogpsperu_suyopomalia,AL_MENOS_1,-1,-1;AL_MENOS_2 "AL_MENOS_2" true true false 19 Double 15 18,First,#,DISTRITOS_inei_geogpsperu_suyopomalia,AL_MENOS_2,-1,-1;SIN_DISCAP "SIN_DISCAP" true true false 19 Double 15 18,First,#,DISTRITOS_inei_geogpsperu_suyopomalia,SIN_DISCAP,-1,-1;SIN_DISC_1 "SIN_DISC_1" true true false 19 Double 15 18,First,#,DISTRITOS_inei_geogpsperu_suyopomalia,SIN_DISC_1,-1,-1;ALGUNA_NBI "ALGUNA_NBI" true true false 19 Double 15 18,First,#,DISTRITOS_inei_geogpsperu_suyopomalia,ALGUNA_NBI,-1,-1;NBI_PORC "NBI_PORC" true true false 19 Double 15 18,First,#,DISTRITOS_inei_geogpsperu_suyopomalia,NBI_PORC,-1,-1;VIV_PART_2 "VIV_PART_2" true true false 19 Double 15 18,First,#,DISTRITOS_inei_geogpsperu_suyopomalia,VIV_PART_2,-1,-1;IC_INF "IC_INF" true true false 19 Double 15 18,First,#,DISTRITOS_inei_geogpsperu_suyopomalia,IC_INF,-1,-1;IC_SUP "IC_SUP" true true false 19 Double 15 18,First,#,DISTRITOS_inei_geogpsperu_suyopomalia,IC_SUP,-1,-1;UBIC_POBMO "UBIC_POBMO" true true false 19 Double 15 18,First,#,DISTRITOS_inei_geogpsperu_suyopomalia,UBIC_POBMO,-1,-1;TOTAL_DEFU "TOTAL_DEFU" true true false 19 Double 15 18,First,#,DISTRITOS_inei_geogpsperu_suyopomalia,TOTAL_DEFU,-1,-1;TOTAL_DE_1 "TOTAL_DE_1" true true false 19 Double 15 18,First,#,DISTRITOS_inei_geogpsperu_suyopomalia,TOTAL_DE_1,-1,-1;TOTAL_DE_2 "TOTAL_DE_2" true true false 19 Double 15 18,First,#,DISTRITOS_inei_geogpsperu_suyopomalia,TOTAL_DE_2,-1,-1;NAC_BAJOPE "NAC_BAJOPE" true true false 19 Double 15 18,First,#,DISTRITOS_inei_geogpsperu_suyopomalia,NAC_BAJOPE,-1,-1;NAC_BAJO_1 "NAC_BAJO_1" true true false 19 Double 15 18,First,#,DISTRITOS_inei_geogpsperu_suyopomalia,NAC_BAJO_1,-1,-1;MUJERES_NA "MUJERES_NA" true true false 19 Double 15 18,First,#,DISTRITOS_inei_geogpsperu_suyopomalia,MUJERES_NA,-1,-1;MUJERES__3 "MUJERES__3" true true false 19 Double 15 18,First,#,DISTRITOS_inei_geogpsperu_suyopomalia,MUJERES__3,-1,-1;HOMBRES_NA "HOMBRES_NA" true true false 19 Double 15 18,First,#,DISTRITOS_inei_geogpsperu_suyopomalia,HOMBRES_NA,-1,-1;HOMBRES__2 "HOMBRES__2" true true false 19 Double 15 18,First,#,DISTRITOS_inei_geogpsperu_suyopomalia,HOMBRES__2,-1,-1;TOTAL_NACI "TOTAL_NACI" true true false 19 Double 15 18,First,#,DISTRITOS_inei_geogpsperu_suyopomalia,TOTAL_NACI,-1,-1;IND_121951 "IND_121951" true true false 19 Double 15 18,First,#,DISTRITOS_inei_geogpsperu_suyopomalia,IND_121951,-1,-1;IND_122042 "IND_122042" true true false 19 Double 15 18,First,#,DISTRITOS_inei_geogpsperu_suyopomalia,IND_122042,-1,-1;IND_122047 "IND_122047" true true false 19 Double 15 18,First,#,DISTRITOS_inei_geogpsperu_suyopomalia,IND_122047,-1,-1;IND_516462 "IND_516462" true true false 19 Double 15 18,First,#,DISTRITOS_inei_geogpsperu_suyopomalia,IND_516462,-1,-1;IND_516484 "IND_516484" true true false 19 Double 15 18,First,#,DISTRITOS_inei_geogpsperu_suyopomalia,IND_516484,-1,-1" #</Process><Process ToolSource="c:\program files\arcgis\pro\Resources\ArcToolbox\toolboxes\Conversion Tools.tbx\ExportFeatures" Date="20251003" Time="110321">ExportFeatures DISTRITOS_inei_ExportFeature C:\Users\DANIEL\Documents\ArcGIS\Projects\AUTOMATIZACION\resultado\DISTRITO_CLIP.shp # NOT_USE_ALIAS "UBIGEO "UBIGEO" true true false 6 Text 0 0,First,#,DISTRITOS_inei_ExportFeature,UBIGEO,0,6;OBJECTID "OBJECTID" true true false 8 Double 0 0,First,#,DISTRITOS_inei_ExportFeature,OBJECTID,-1,-1;NOMBDEP "NOMBDEP" true true false 25 Text 0 0,First,#,DISTRITOS_inei_ExportFeature,NOMBDEP,0,25;NOMBPROV "NOMBPROV" true true false 40 Text 0 0,First,#,DISTRITOS_inei_ExportFeature,NOMBPROV,0,40;NOMBDIST "NOMBDIST" true true false 50 Text 0 0,First,#,DISTRITOS_inei_ExportFeature,NOMBDIST,0,50;CAPITAL "CAPITAL" true true false 60 Text 0 0,First,#,DISTRITOS_inei_ExportFeature,CAPITAL,0,60;POBTOTAL "POBTOTAL" true true false 8 Double 0 0,First,#,DISTRITOS_inei_ExportFeature,POBTOTAL,-1,-1;POB_EDAD_T "POB_EDAD_T" true true false 8 Double 0 0,First,#,DISTRITOS_inei_ExportFeature,POB_EDAD_T,-1,-1;POB_EDAD_E "POB_EDAD_E" true true false 8 Double 0 0,First,#,DISTRITOS_inei_ExportFeature,POB_EDAD_E,-1,-1;DENSIDAD "DENSIDAD" true true false 8 Double 0 0,First,#,DISTRITOS_inei_ExportFeature,DENSIDAD,-1,-1;POBMASCU "POBMASCU" true true false 8 Double 0 0,First,#,DISTRITOS_inei_ExportFeature,POBMASCU,-1,-1;POBFEMEN "POBFEMEN" true true false 8 Double 0 0,First,#,DISTRITOS_inei_ExportFeature,POBFEMEN,-1,-1;POBMASCU_P "POBMASCU_P" true true false 8 Double 0 0,First,#,DISTRITOS_inei_ExportFeature,POBMASCU_P,-1,-1;POBFEMEN_P "POBFEMEN_P" true true false 8 Double 0 0,First,#,DISTRITOS_inei_ExportFeature,POBFEMEN_P,-1,-1;R_MASCULIN "R_MASCULIN" true true false 8 Double 0 0,First,#,DISTRITOS_inei_ExportFeature,R_MASCULIN,-1,-1;POBURBANA "POBURBANA" true true false 8 Double 0 0,First,#,DISTRITOS_inei_ExportFeature,POBURBANA,-1,-1;POBRURAL "POBRURAL" true true false 8 Double 0 0,First,#,DISTRITOS_inei_ExportFeature,POBRURAL,-1,-1;POBURBANA_ "POBURBANA_" true true false 8 Double 0 0,First,#,DISTRITOS_inei_ExportFeature,POBURBANA_,-1,-1;POBRURAL_P "POBRURAL_P" true true false 8 Double 0 0,First,#,DISTRITOS_inei_ExportFeature,POBRURAL_P,-1,-1;EDAD_PROME "EDAD_PROME" true true false 8 Double 0 0,First,#,DISTRITOS_inei_ExportFeature,EDAD_PROME,-1,-1;POB_0_14 "POB_0_14" true true false 8 Double 0 0,First,#,DISTRITOS_inei_ExportFeature,POB_0_14,-1,-1;POB_15_29 "POB_15_29" true true false 8 Double 0 0,First,#,DISTRITOS_inei_ExportFeature,POB_15_29,-1,-1;POB_30_59 "POB_30_59" true true false 8 Double 0 0,First,#,DISTRITOS_inei_ExportFeature,POB_30_59,-1,-1;POB_60_MAS "POB_60_MAS" true true false 8 Double 0 0,First,#,DISTRITOS_inei_ExportFeature,POB_60_MAS,-1,-1;VIV_PARTIC "VIV_PARTIC" true true false 8 Double 0 0,First,#,DISTRITOS_inei_ExportFeature,VIV_PARTIC,-1,-1;VIV_PART_1 "VIV_PART_1" true true false 8 Double 0 0,First,#,DISTRITOS_inei_ExportFeature,VIV_PART_1,-1,-1;HOGARES "HOGARES" true true false 8 Double 0 0,First,#,DISTRITOS_inei_ExportFeature,HOGARES,-1,-1;Shape_Leng "Shape_Leng" true true false 8 Double 0 0,First,#,DISTRITOS_inei_ExportFeature,Shape_Leng,-1,-1;DIRECCION "DIRECCION" true true false 254 Text 0 0,First,#,DISTRITOS_inei_ExportFeature,DIRECCION,0,254;POB_PROYEC "POB_PROYEC" true true false 8 Double 0 0,First,#,DISTRITOS_inei_ExportFeature,POB_PROYEC,-1,-1;POB_EDAD_1 "POB_EDAD_1" true true false 8 Double 0 0,First,#,DISTRITOS_inei_ExportFeature,POB_EDAD_1,-1,-1;POB_EDAD_2 "POB_EDAD_2" true true false 8 Double 0 0,First,#,DISTRITOS_inei_ExportFeature,POB_EDAD_2,-1,-1;EDAD_MEDIA "EDAD_MEDIA" true true false 8 Double 0 0,First,#,DISTRITOS_inei_ExportFeature,EDAD_MEDIA,-1,-1;POB_0_14_P "POB_0_14_P" true true false 8 Double 0 0,First,#,DISTRITOS_inei_ExportFeature,POB_0_14_P,-1,-1;POB_15_29_ "POB_15_29_" true true false 8 Double 0 0,First,#,DISTRITOS_inei_ExportFeature,POB_15_29_,-1,-1;POB_30_59_ "POB_30_59_" true true false 8 Double 0 0,First,#,DISTRITOS_inei_ExportFeature,POB_30_59_,-1,-1;POB_60_M_1 "POB_60_M_1" true true false 8 Double 0 0,First,#,DISTRITOS_inei_ExportFeature,POB_60_M_1,-1,-1;POB_ANALFA "POB_ANALFA" true true false 8 Double 0 0,First,#,DISTRITOS_inei_ExportFeature,POB_ANALFA,-1,-1;POB_ANAL_1 "POB_ANAL_1" true true false 8 Double 0 0,First,#,DISTRITOS_inei_ExportFeature,POB_ANAL_1,-1,-1;HOMBRES_AN "HOMBRES_AN" true true false 8 Double 0 0,First,#,DISTRITOS_inei_ExportFeature,HOMBRES_AN,-1,-1;HOMBRES__1 "HOMBRES__1" true true false 8 Double 0 0,First,#,DISTRITOS_inei_ExportFeature,HOMBRES__1,-1,-1;MUJERES_AN "MUJERES_AN" true true false 8 Double 0 0,First,#,DISTRITOS_inei_ExportFeature,MUJERES_AN,-1,-1;MUJERES__1 "MUJERES__1" true true false 8 Double 0 0,First,#,DISTRITOS_inei_ExportFeature,MUJERES__1,-1,-1;MUJERES_ED "MUJERES_ED" true true false 8 Double 0 0,First,#,DISTRITOS_inei_ExportFeature,MUJERES_ED,-1,-1;MUJERES__2 "MUJERES__2" true true false 8 Double 0 0,First,#,DISTRITOS_inei_ExportFeature,MUJERES__2,-1,-1;TOTAL_MADR "TOTAL_MADR" true true false 8 Double 0 0,First,#,DISTRITOS_inei_ExportFeature,TOTAL_MADR,-1,-1;MADRES_SOL "MADRES_SOL" true true false 8 Double 0 0,First,#,DISTRITOS_inei_ExportFeature,MADRES_SOL,-1,-1;MADRES_S_1 "MADRES_S_1" true true false 8 Double 0 0,First,#,DISTRITOS_inei_ExportFeature,MADRES_S_1,-1,-1;MUJERES_AD "MUJERES_AD" true true false 8 Double 0 0,First,#,DISTRITOS_inei_ExportFeature,MUJERES_AD,-1,-1;MADRES_ADO "MADRES_ADO" true true false 8 Double 0 0,First,#,DISTRITOS_inei_ExportFeature,MADRES_ADO,-1,-1;MADRES_A_1 "MADRES_A_1" true true false 8 Double 0 0,First,#,DISTRITOS_inei_ExportFeature,MADRES_A_1,-1,-1;AL_MENOS_1 "AL_MENOS_1" true true false 8 Double 0 0,First,#,DISTRITOS_inei_ExportFeature,AL_MENOS_1,-1,-1;AL_MENOS_2 "AL_MENOS_2" true true false 8 Double 0 0,First,#,DISTRITOS_inei_ExportFeature,AL_MENOS_2,-1,-1;SIN_DISCAP "SIN_DISCAP" true true false 8 Double 0 0,First,#,DISTRITOS_inei_ExportFeature,SIN_DISCAP,-1,-1;SIN_DISC_1 "SIN_DISC_1" true true false 8 Double 0 0,First,#,DISTRITOS_inei_ExportFeature,SIN_DISC_1,-1,-1;ALGUNA_NBI "ALGUNA_NBI" true true false 8 Double 0 0,First,#,DISTRITOS_inei_ExportFeature,ALGUNA_NBI,-1,-1;NBI_PORC "NBI_PORC" true true false 8 Double 0 0,First,#,DISTRITOS_inei_ExportFeature,NBI_PORC,-1,-1;VIV_PART_2 "VIV_PART_2" true true false 8 Double 0 0,First,#,DISTRITOS_inei_ExportFeature,VIV_PART_2,-1,-1;IC_INF "IC_INF" true true false 8 Double 0 0,First,#,DISTRITOS_inei_ExportFeature,IC_INF,-1,-1;IC_SUP "IC_SUP" true true false 8 Double 0 0,First,#,DISTRITOS_inei_ExportFeature,IC_SUP,-1,-1;UBIC_POBMO "UBIC_POBMO" true true false 8 Double 0 0,First,#,DISTRITOS_inei_ExportFeature,UBIC_POBMO,-1,-1;TOTAL_DEFU "TOTAL_DEFU" true true false 8 Double 0 0,First,#,DISTRITOS_inei_ExportFeature,TOTAL_DEFU,-1,-1;TOTAL_DE_1 "TOTAL_DE_1" true true false 8 Double 0 0,First,#,DISTRITOS_inei_ExportFeature,TOTAL_DE_1,-1,-1;TOTAL_DE_2 "TOTAL_DE_2" true true false 8 Double 0 0,First,#,DISTRITOS_inei_ExportFeature,TOTAL_DE_2,-1,-1;NAC_BAJOPE "NAC_BAJOPE" true true false 8 Double 0 0,First,#,DISTRITOS_inei_ExportFeature,NAC_BAJOPE,-1,-1;NAC_BAJO_1 "NAC_BAJO_1" true true false 8 Double 0 0,First,#,DISTRITOS_inei_ExportFeature,NAC_BAJO_1,-1,-1;MUJERES_NA "MUJERES_NA" true true false 8 Double 0 0,First,#,DISTRITOS_inei_ExportFeature,MUJERES_NA,-1,-1;MUJERES__3 "MUJERES__3" true true false 8 Double 0 0,First,#,DISTRITOS_inei_ExportFeature,MUJERES__3,-1,-1;HOMBRES_NA "HOMBRES_NA" true true false 8 Double 0 0,First,#,DISTRITOS_inei_ExportFeature,HOMBRES_NA,-1,-1;HOMBRES__2 "HOMBRES__2" true true false 8 Double 0 0,First,#,DISTRITOS_inei_ExportFeature,HOMBRES__2,-1,-1;TOTAL_NACI "TOTAL_NACI" true true false 8 Double 0 0,First,#,DISTRITOS_inei_ExportFeature,TOTAL_NACI,-1,-1;IND_121951 "IND_121951" true true false 8 Double 0 0,First,#,DISTRITOS_inei_ExportFeature,IND_121951,-1,-1;IND_122042 "IND_122042" true true false 8 Double 0 0,First,#,DISTRITOS_inei_ExportFeature,IND_122042,-1,-1;IND_122047 "IND_122047" true true false 8 Double 0 0,First,#,DISTRITOS_inei_ExportFeature,IND_122047,-1,-1;IND_516462 "IND_516462" true true false 8 Double 0 0,First,#,DISTRITOS_inei_ExportFeature,IND_516462,-1,-1;IND_516484 "IND_516484" true true false 8 Double 0 0,First,#,DISTRITOS_inei_ExportFeature,IND_516484,-1,-1;Shape_Length "Shape_Length" false true true 8 Double 0 0,First,#,DISTRITOS_inei_ExportFeature,Shape_Length,-1,-1;Shape_Area "Shape_Area" false true true 8 Double 0 0,First,#,DISTRITOS_inei_ExportFeature,Shape_Area,-1,-1" #</Process><Process ToolSource="c:\program files\arcgis\pro\Resources\ArcToolbox\toolboxes\Conversion Tools.tbx\ExportFeatures" Date="20251004" Time="142842">ExportFeatures DISTRITO_CLIP C:\Users\DANIEL\Desktop\VICTORIA\DANYPORRAS\distritos\distritos.shp # NOT_USE_ALIAS "UBIGEO "UBIGEO" true true false 6 Text 0 0,First,#,DISTRITO_CLIP,UBIGEO,0,6;OBJECTID "OBJECTID" true true false 19 Double 0 0,First,#,DISTRITO_CLIP,OBJECTID,-1,-1;NOMBDEP "NOMBDEP" true true false 25 Text 0 0,First,#,DISTRITO_CLIP,NOMBDEP,0,25;NOMBPROV "NOMBPROV" true true false 40 Text 0 0,First,#,DISTRITO_CLIP,NOMBPROV,0,40;NOMBDIST "NOMBDIST" true true false 50 Text 0 0,First,#,DISTRITO_CLIP,NOMBDIST,0,50;CAPITAL "CAPITAL" true true false 60 Text 0 0,First,#,DISTRITO_CLIP,CAPITAL,0,60;POBTOTAL "POBTOTAL" true true false 19 Double 0 0,First,#,DISTRITO_CLIP,POBTOTAL,-1,-1;POB_EDAD_T "POB_EDAD_T" true true false 19 Double 0 0,First,#,DISTRITO_CLIP,POB_EDAD_T,-1,-1;POB_EDAD_E "POB_EDAD_E" true true false 19 Double 0 0,First,#,DISTRITO_CLIP,POB_EDAD_E,-1,-1;DENSIDAD "DENSIDAD" true true false 19 Double 0 0,First,#,DISTRITO_CLIP,DENSIDAD,-1,-1;POBMASCU "POBMASCU" true true false 19 Double 0 0,First,#,DISTRITO_CLIP,POBMASCU,-1,-1;POBFEMEN "POBFEMEN" true true false 19 Double 0 0,First,#,DISTRITO_CLIP,POBFEMEN,-1,-1;POBMASCU_P "POBMASCU_P" true true false 19 Double 0 0,First,#,DISTRITO_CLIP,POBMASCU_P,-1,-1;POBFEMEN_P "POBFEMEN_P" true true false 19 Double 0 0,First,#,DISTRITO_CLIP,POBFEMEN_P,-1,-1;R_MASCULIN "R_MASCULIN" true true false 19 Double 0 0,First,#,DISTRITO_CLIP,R_MASCULIN,-1,-1;POBURBANA "POBURBANA" true true false 19 Double 0 0,First,#,DISTRITO_CLIP,POBURBANA,-1,-1;POBRURAL "POBRURAL" true true false 19 Double 0 0,First,#,DISTRITO_CLIP,POBRURAL,-1,-1;POBURBANA_ "POBURBANA_" true true false 19 Double 0 0,First,#,DISTRITO_CLIP,POBURBANA_,-1,-1;POBRURAL_P "POBRURAL_P" true true false 19 Double 0 0,First,#,DISTRITO_CLIP,POBRURAL_P,-1,-1;EDAD_PROME "EDAD_PROME" true true false 19 Double 0 0,First,#,DISTRITO_CLIP,EDAD_PROME,-1,-1;POB_0_14 "POB_0_14" true true false 19 Double 0 0,First,#,DISTRITO_CLIP,POB_0_14,-1,-1;POB_15_29 "POB_15_29" true true false 19 Double 0 0,First,#,DISTRITO_CLIP,POB_15_29,-1,-1;POB_30_59 "POB_30_59" true true false 19 Double 0 0,First,#,DISTRITO_CLIP,POB_30_59,-1,-1;POB_60_MAS "POB_60_MAS" true true false 19 Double 0 0,First,#,DISTRITO_CLIP,POB_60_MAS,-1,-1;VIV_PARTIC "VIV_PARTIC" true true false 19 Double 0 0,First,#,DISTRITO_CLIP,VIV_PARTIC,-1,-1;VIV_PART_1 "VIV_PART_1" true true false 19 Double 0 0,First,#,DISTRITO_CLIP,VIV_PART_1,-1,-1;HOGARES "HOGARES" true true false 19 Double 0 0,First,#,DISTRITO_CLIP,HOGARES,-1,-1;Shape_Leng "Shape_Leng" true true false 19 Double 0 0,First,#,DISTRITO_CLIP,Shape_Leng,-1,-1;DIRECCION "DIRECCION" true true false 254 Text 0 0,First,#,DISTRITO_CLIP,DIRECCION,0,254;POB_PROYEC "POB_PROYEC" true true false 19 Double 0 0,First,#,DISTRITO_CLIP,POB_PROYEC,-1,-1;POB_EDAD_1 "POB_EDAD_1" true true false 19 Double 0 0,First,#,DISTRITO_CLIP,POB_EDAD_1,-1,-1;POB_EDAD_2 "POB_EDAD_2" true true false 19 Double 0 0,First,#,DISTRITO_CLIP,POB_EDAD_2,-1,-1;EDAD_MEDIA "EDAD_MEDIA" true true false 19 Double 0 0,First,#,DISTRITO_CLIP,EDAD_MEDIA,-1,-1;POB_0_14_P "POB_0_14_P" true true false 19 Double 0 0,First,#,DISTRITO_CLIP,POB_0_14_P,-1,-1;POB_15_29_ "POB_15_29_" true true false 19 Double 0 0,First,#,DISTRITO_CLIP,POB_15_29_,-1,-1;POB_30_59_ "POB_30_59_" true true false 19 Double 0 0,First,#,DISTRITO_CLIP,POB_30_59_,-1,-1;POB_60_M_1 "POB_60_M_1" true true false 19 Double 0 0,First,#,DISTRITO_CLIP,POB_60_M_1,-1,-1;POB_ANALFA "POB_ANALFA" true true false 19 Double 0 0,First,#,DISTRITO_CLIP,POB_ANALFA,-1,-1;POB_ANAL_1 "POB_ANAL_1" true true false 19 Double 0 0,First,#,DISTRITO_CLIP,POB_ANAL_1,-1,-1;HOMBRES_AN "HOMBRES_AN" true true false 19 Double 0 0,First,#,DISTRITO_CLIP,HOMBRES_AN,-1,-1;HOMBRES__1 "HOMBRES__1" true true false 19 Double 0 0,First,#,DISTRITO_CLIP,HOMBRES__1,-1,-1;MUJERES_AN "MUJERES_AN" true true false 19 Double 0 0,First,#,DISTRITO_CLIP,MUJERES_AN,-1,-1;MUJERES__1 "MUJERES__1" true true false 19 Double 0 0,First,#,DISTRITO_CLIP,MUJERES__1,-1,-1;MUJERES_ED "MUJERES_ED" true true false 19 Double 0 0,First,#,DISTRITO_CLIP,MUJERES_ED,-1,-1;MUJERES__2 "MUJERES__2" true true false 19 Double 0 0,First,#,DISTRITO_CLIP,MUJERES__2,-1,-1;TOTAL_MADR "TOTAL_MADR" true true false 19 Double 0 0,First,#,DISTRITO_CLIP,TOTAL_MADR,-1,-1;MADRES_SOL "MADRES_SOL" true true false 19 Double 0 0,First,#,DISTRITO_CLIP,MADRES_SOL,-1,-1;MADRES_S_1 "MADRES_S_1" true true false 19 Double 0 0,First,#,DISTRITO_CLIP,MADRES_S_1,-1,-1;MUJERES_AD "MUJERES_AD" true true false 19 Double 0 0,First,#,DISTRITO_CLIP,MUJERES_AD,-1,-1;MADRES_ADO "MADRES_ADO" true true false 19 Double 0 0,First,#,DISTRITO_CLIP,MADRES_ADO,-1,-1;MADRES_A_1 "MADRES_A_1" true true false 19 Double 0 0,First,#,DISTRITO_CLIP,MADRES_A_1,-1,-1;AL_MENOS_1 "AL_MENOS_1" true true false 19 Double 0 0,First,#,DISTRITO_CLIP,AL_MENOS_1,-1,-1;AL_MENOS_2 "AL_MENOS_2" true true false 19 Double 0 0,First,#,DISTRITO_CLIP,AL_MENOS_2,-1,-1;SIN_DISCAP "SIN_DISCAP" true true false 19 Double 0 0,First,#,DISTRITO_CLIP,SIN_DISCAP,-1,-1;SIN_DISC_1 "SIN_DISC_1" true true false 19 Double 0 0,First,#,DISTRITO_CLIP,SIN_DISC_1,-1,-1;ALGUNA_NBI "ALGUNA_NBI" true true false 19 Double 0 0,First,#,DISTRITO_CLIP,ALGUNA_NBI,-1,-1;NBI_PORC "NBI_PORC" true true false 19 Double 0 0,First,#,DISTRITO_CLIP,NBI_PORC,-1,-1;VIV_PART_2 "VIV_PART_2" true true false 19 Double 0 0,First,#,DISTRITO_CLIP,VIV_PART_2,-1,-1;IC_INF "IC_INF" true true false 19 Double 0 0,First,#,DISTRITO_CLIP,IC_INF,-1,-1;IC_SUP "IC_SUP" true true false 19 Double 0 0,First,#,DISTRITO_CLIP,IC_SUP,-1,-1;UBIC_POBMO "UBIC_POBMO" true true false 19 Double 0 0,First,#,DISTRITO_CLIP,UBIC_POBMO,-1,-1;TOTAL_DEFU "TOTAL_DEFU" true true false 19 Double 0 0,First,#,DISTRITO_CLIP,TOTAL_DEFU,-1,-1;TOTAL_DE_1 "TOTAL_DE_1" true true false 19 Double 0 0,First,#,DISTRITO_CLIP,TOTAL_DE_1,-1,-1;TOTAL_DE_2 "TOTAL_DE_2" true true false 19 Double 0 0,First,#,DISTRITO_CLIP,TOTAL_DE_2,-1,-1;NAC_BAJOPE "NAC_BAJOPE" true true false 19 Double 0 0,First,#,DISTRITO_CLIP,NAC_BAJOPE,-1,-1;NAC_BAJO_1 "NAC_BAJO_1" true true false 19 Double 0 0,First,#,DISTRITO_CLIP,NAC_BAJO_1,-1,-1;MUJERES_NA "MUJERES_NA" true true false 19 Double 0 0,First,#,DISTRITO_CLIP,MUJERES_NA,-1,-1;MUJERES__3 "MUJERES__3" true true false 19 Double 0 0,First,#,DISTRITO_CLIP,MUJERES__3,-1,-1;HOMBRES_NA "HOMBRES_NA" true true false 19 Double 0 0,First,#,DISTRITO_CLIP,HOMBRES_NA,-1,-1;HOMBRES__2 "HOMBRES__2" true true false 19 Double 0 0,First,#,DISTRITO_CLIP,HOMBRES__2,-1,-1;TOTAL_NACI "TOTAL_NACI" true true false 19 Double 0 0,First,#,DISTRITO_CLIP,TOTAL_NACI,-1,-1;IND_121951 "IND_121951" true true false 19 Double 0 0,First,#,DISTRITO_CLIP,IND_121951,-1,-1;IND_122042 "IND_122042" true true false 19 Double 0 0,First,#,DISTRITO_CLIP,IND_122042,-1,-1;IND_122047 "IND_122047" true true false 19 Double 0 0,First,#,DISTRITO_CLIP,IND_122047,-1,-1;IND_516462 "IND_516462" true true false 19 Double 0 0,First,#,DISTRITO_CLIP,IND_516462,-1,-1;IND_516484 "IND_516484" true true false 19 Double 0 0,First,#,DISTRITO_CLIP,IND_516484,-1,-1;Shape_Le_1 "Shape_Le_1" true true false 19 Double 0 0,First,#,DISTRITO_CLIP,Shape_Le_1,-1,-1;Shape_Area "Shape_Area" true true false 19 Double 0 0,First,#,DISTRITO_CLIP,Shape_Area,-1,-1" #</Process></lineage></DataProperties><SyncDate>20251004</SyncDate><SyncTime>14284200</SyncTime><ModDate>20251004</ModDate><ModTime>14284200</ModTime></Esri><dataIdInfo><envirDesc Sync="TRUE">Microsoft Windows 10 Version 10.0 (Build 26100) ; Esri ArcGIS 13.0.0.36056</envirDesc><dataLang><languageCode value="spa" Sync="TRUE"></languageCode><countryCode value="PER" Sync="TRUE"></countryCode></dataLang><idCitation><resTitle Sync="TRUE">distritos</resTitle><presForm><PresFormCd value="005" Sync="TRUE"></PresFormCd></presForm></idCitation><spatRpType><SpatRepTypCd value="001" Sync="TRUE"></SpatRepTypCd></spatRpType></dataIdInfo><mdLang><languageCode value="spa" Sync="TRUE"></languageCode><countryCode value="PER" Sync="TRUE"></countryCode></mdLang><distInfo><distFormat><formatName Sync="TRUE">Shapefile</formatName></distFormat><distTranOps><transSize Sync="TRUE">0.000</transSize></distTranOps></distInfo><mdHrLv><ScopeCd value="005" Sync="TRUE"></ScopeCd></mdHrLv><mdHrLvName Sync="TRUE">dataset</mdHrLvName><refSysInfo><RefSystem><refSysID><identCode code="4326" Sync="TRUE"></identCode><idCodeSpace Sync="TRUE">EPSG</idCodeSpace><idVersion Sync="TRUE">6.2(3.0.1)</idVersion></refSysID></RefSystem></refSysInfo><spatRepInfo><VectSpatRep><geometObjs Name="distritos"><geoObjTyp><GeoObjTypCd value="002" Sync="TRUE"></GeoObjTypCd></geoObjTyp><geoObjCnt Sync="TRUE">0</geoObjCnt></geometObjs><topLvl><TopoLevCd value="001" Sync="TRUE"></TopoLevCd></topLvl></VectSpatRep></spatRepInfo><spdoinfo><ptvctinf><esriterm Name="distritos"><efeatyp Sync="TRUE">Simple</efeatyp><efeageom code="4" Sync="TRUE"></efeageom><esritopo Sync="TRUE">FALSE</esritopo><efeacnt Sync="TRUE">0</efeacnt><spindex Sync="TRUE">FALSE</spindex><linrefer Sync="TRUE">FALSE</linrefer></esriterm></ptvctinf></spdoinfo><eainfo><detailed Name="distritos"><enttyp><enttypl Sync="TRUE">distritos</enttypl><enttypt Sync="TRUE">Feature Class</enttypt><enttypc Sync="TRUE">0</enttypc></enttyp><attr><attrlabl Sync="TRUE">FID</attrlabl><attalias Sync="TRUE">FID</attalias><attrtype Sync="TRUE">OID</attrtype><attwidth Sync="TRUE">4</attwidth><atprecis Sync="TRUE">0</atprecis><attscale Sync="TRUE">0</attscale><attrdef Sync="TRUE">Internal feature number.</attrdef><attrdefs Sync="TRUE">Esri</attrdefs><attrdomv><udom Sync="TRUE">Sequential unique whole numbers that are automatically generated.</udom></attrdomv></attr><attr><attrlabl Sync="TRUE">Shape</attrlabl><attalias Sync="TRUE">Shape</attalias><attrtype Sync="TRUE">Geometry</attrtype><attwidth Sync="TRUE">0</attwidth><atprecis Sync="TRUE">0</atprecis><attscale Sync="TRUE">0</attscale><attrdef Sync="TRUE">Feature geometry.</attrdef><attrdefs Sync="TRUE">Esri</attrdefs><attrdomv><udom Sync="TRUE">Coordinates defining the features.</udom></attrdomv></attr><attr><attrlabl Sync="TRUE">UBIGEO</attrlabl><attalias Sync="TRUE">UBIGEO</attalias><attrtype Sync="TRUE">String</attrtype><attwidth Sync="TRUE">6</attwidth><atprecis Sync="TRUE">0</atprecis><attscale Sync="TRUE">0</attscale></attr><attr><attrlabl Sync="TRUE">OBJECTID</attrlabl><attalias Sync="TRUE">OBJECTID</attalias><attrtype Sync="TRUE">Double</attrtype><attwidth Sync="TRUE">19</attwidth><atprecis Sync="TRUE">0</atprecis><attscale Sync="TRUE">0</attscale></attr><attr><attrlabl Sync="TRUE">NOMBDEP</attrlabl><attalias Sync="TRUE">NOMBDEP</attalias><attrtype Sync="TRUE">String</attrtype><attwidth Sync="TRUE">25</attwidth><atprecis Sync="TRUE">0</atprecis><attscale Sync="TRUE">0</attscale></attr><attr><attrlabl Sync="TRUE">NOMBPROV</attrlabl><attalias Sync="TRUE">NOMBPROV</attalias><attrtype Sync="TRUE">String</attrtype><attwidth Sync="TRUE">40</attwidth><atprecis Sync="TRUE">0</atprecis><attscale Sync="TRUE">0</attscale></attr><attr><attrlabl Sync="TRUE">NOMBDIST</attrlabl><attalias Sync="TRUE">NOMBDIST</attalias><attrtype Sync="TRUE">String</attrtype><attwidth Sync="TRUE">50</attwidth><atprecis Sync="TRUE">0</atprecis><attscale Sync="TRUE">0</attscale></attr><attr><attrlabl Sync="TRUE">CAPITAL</attrlabl><attalias Sync="TRUE">CAPITAL</attalias><attrtype Sync="TRUE">String</attrtype><attwidth Sync="TRUE">60</attwidth><atprecis Sync="TRUE">0</atprecis><attscale Sync="TRUE">0</attscale></attr><attr><attrlabl Sync="TRUE">POBTOTAL</attrlabl><attalias Sync="TRUE">POBTOTAL</attalias><attrtype Sync="TRUE">Double</attrtype><attwidth Sync="TRUE">19</attwidth><atprecis Sync="TRUE">0</atprecis><attscale Sync="TRUE">0</attscale></attr><attr><attrlabl Sync="TRUE">POB_EDAD_T</attrlabl><attalias Sync="TRUE">POB_EDAD_T</attalias><attrtype Sync="TRUE">Double</attrtype><attwidth Sync="TRUE">19</attwidth><atprecis Sync="TRUE">0</atprecis><attscale Sync="TRUE">0</attscale></attr><attr><attrlabl Sync="TRUE">POB_EDAD_E</attrlabl><attalias Sync="TRUE">POB_EDAD_E</attalias><attrtype Sync="TRUE">Double</attrtype><attwidth Sync="TRUE">19</attwidth><atprecis Sync="TRUE">0</atprecis><attscale Sync="TRUE">0</attscale></attr><attr><attrlabl Sync="TRUE">DENSIDAD</attrlabl><attalias Sync="TRUE">DENSIDAD</attalias><attrtype Sync="TRUE">Double</attrtype><attwidth Sync="TRUE">19</attwidth><atprecis Sync="TRUE">0</atprecis><attscale Sync="TRUE">0</attscale></attr><attr><attrlabl Sync="TRUE">POBMASCU</attrlabl><attalias Sync="TRUE">POBMASCU</attalias><attrtype Sync="TRUE">Double</attrtype><attwidth Sync="TRUE">19</attwidth><atprecis Sync="TRUE">0</atprecis><attscale Sync="TRUE">0</attscale></attr><attr><attrlabl Sync="TRUE">POBFEMEN</attrlabl><attalias Sync="TRUE">POBFEMEN</attalias><attrtype Sync="TRUE">Double</attrtype><attwidth Sync="TRUE">19</attwidth><atprecis Sync="TRUE">0</atprecis><attscale Sync="TRUE">0</attscale></attr><attr><attrlabl Sync="TRUE">POBMASCU_P</attrlabl><attalias Sync="TRUE">POBMASCU_P</attalias><attrtype Sync="TRUE">Double</attrtype><attwidth Sync="TRUE">19</attwidth><atprecis Sync="TRUE">0</atprecis><attscale Sync="TRUE">0</attscale></attr><attr><attrlabl Sync="TRUE">POBFEMEN_P</attrlabl><attalias Sync="TRUE">POBFEMEN_P</attalias><attrtype Sync="TRUE">Double</attrtype><attwidth Sync="TRUE">19</attwidth><atprecis Sync="TRUE">0</atprecis><attscale Sync="TRUE">0</attscale></attr><attr><attrlabl Sync="TRUE">R_MASCULIN</attrlabl><attalias Sync="TRUE">R_MASCULIN</attalias><attrtype Sync="TRUE">Double</attrtype><attwidth Sync="TRUE">19</attwidth><atprecis Sync="TRUE">0</atprecis><attscale Sync="TRUE">0</attscale></attr><attr><attrlabl Sync="TRUE">POBURBANA</attrlabl><attalias Sync="TRUE">POBURBANA</attalias><attrtype Sync="TRUE">Double</attrtype><attwidth Sync="TRUE">19</attwidth><atprecis Sync="TRUE">0</atprecis><attscale Sync="TRUE">0</attscale></attr><attr><attrlabl Sync="TRUE">POBRURAL</attrlabl><attalias Sync="TRUE">POBRURAL</attalias><attrtype Sync="TRUE">Double</attrtype><attwidth Sync="TRUE">19</attwidth><atprecis Sync="TRUE">0</atprecis><attscale Sync="TRUE">0</attscale></attr><attr><attrlabl Sync="TRUE">POBURBANA_</attrlabl><attalias Sync="TRUE">POBURBANA_</attalias><attrtype Sync="TRUE">Double</attrtype><attwidth Sync="TRUE">19</attwidth><atprecis Sync="TRUE">0</atprecis><attscale Sync="TRUE">0</attscale></attr><attr><attrlabl Sync="TRUE">POBRURAL_P</attrlabl><attalias Sync="TRUE">POBRURAL_P</attalias><attrtype Sync="TRUE">Double</attrtype><attwidth Sync="TRUE">19</attwidth><atprecis Sync="TRUE">0</atprecis><attscale Sync="TRUE">0</attscale></attr><attr><attrlabl Sync="TRUE">EDAD_PROME</attrlabl><attalias Sync="TRUE">EDAD_PROME</attalias><attrtype Sync="TRUE">Double</attrtype><attwidth Sync="TRUE">19</attwidth><atprecis Sync="TRUE">0</atprecis><attscale Sync="TRUE">0</attscale></attr><attr><attrlabl Sync="TRUE">POB_0_14</attrlabl><attalias Sync="TRUE">POB_0_14</attalias><attrtype Sync="TRUE">Double</attrtype><attwidth Sync="TRUE">19</attwidth><atprecis Sync="TRUE">0</atprecis><attscale Sync="TRUE">0</attscale></attr><attr><attrlabl Sync="TRUE">POB_15_29</attrlabl><attalias Sync="TRUE">POB_15_29</attalias><attrtype Sync="TRUE">Double</attrtype><attwidth Sync="TRUE">19</attwidth><atprecis Sync="TRUE">0</atprecis><attscale Sync="TRUE">0</attscale></attr><attr><attrlabl Sync="TRUE">POB_30_59</attrlabl><attalias Sync="TRUE">POB_30_59</attalias><attrtype Sync="TRUE">Double</attrtype><attwidth Sync="TRUE">19</attwidth><atprecis Sync="TRUE">0</atprecis><attscale Sync="TRUE">0</attscale></attr><attr><attrlabl Sync="TRUE">POB_60_MAS</attrlabl><attalias Sync="TRUE">POB_60_MAS</attalias><attrtype Sync="TRUE">Double</attrtype><attwidth Sync="TRUE">19</attwidth><atprecis Sync="TRUE">0</atprecis><attscale Sync="TRUE">0</attscale></attr><attr><attrlabl Sync="TRUE">VIV_PARTIC</attrlabl><attalias Sync="TRUE">VIV_PARTIC</attalias><attrtype Sync="TRUE">Double</attrtype><attwidth Sync="TRUE">19</attwidth><atprecis Sync="TRUE">0</atprecis><attscale Sync="TRUE">0</attscale></attr><attr><attrlabl Sync="TRUE">VIV_PART_1</attrlabl><attalias Sync="TRUE">VIV_PART_1</attalias><attrtype Sync="TRUE">Double</attrtype><attwidth Sync="TRUE">19</attwidth><atprecis Sync="TRUE">0</atprecis><attscale Sync="TRUE">0</attscale></attr><attr><attrlabl Sync="TRUE">HOGARES</attrlabl><attalias Sync="TRUE">HOGARES</attalias><attrtype Sync="TRUE">Double</attrtype><attwidth Sync="TRUE">19</attwidth><atprecis Sync="TRUE">0</atprecis><attscale Sync="TRUE">0</attscale></attr><attr><attrlabl Sync="TRUE">Shape_Leng</attrlabl><attalias Sync="TRUE">Shape_Leng</attalias><attrtype Sync="TRUE">Double</attrtype><attwidth Sync="TRUE">19</attwidth><atprecis Sync="TRUE">0</atprecis><attscale Sync="TRUE">0</attscale></attr><attr><attrlabl Sync="TRUE">DIRECCION</attrlabl><attalias Sync="TRUE">DIRECCION</attalias><attrtype Sync="TRUE">String</attrtype><attwidth Sync="TRUE">254</attwidth><atprecis Sync="TRUE">0</atprecis><attscale Sync="TRUE">0</attscale></attr><attr><attrlabl Sync="TRUE">POB_PROYEC</attrlabl><attalias Sync="TRUE">POB_PROYEC</attalias><attrtype Sync="TRUE">Double</attrtype><attwidth Sync="TRUE">19</attwidth><atprecis Sync="TRUE">0</atprecis><attscale Sync="TRUE">0</attscale></attr><attr><attrlabl Sync="TRUE">POB_EDAD_1</attrlabl><attalias Sync="TRUE">POB_EDAD_1</attalias><attrtype Sync="TRUE">Double</attrtype><attwidth Sync="TRUE">19</attwidth><atprecis Sync="TRUE">0</atprecis><attscale Sync="TRUE">0</attscale></attr><attr><attrlabl Sync="TRUE">POB_EDAD_2</attrlabl><attalias Sync="TRUE">POB_EDAD_2</attalias><attrtype Sync="TRUE">Double</attrtype><attwidth Sync="TRUE">19</attwidth><atprecis Sync="TRUE">0</atprecis><attscale Sync="TRUE">0</attscale></attr><attr><attrlabl Sync="TRUE">EDAD_MEDIA</attrlabl><attalias Sync="TRUE">EDAD_MEDIA</attalias><attrtype Sync="TRUE">Double</attrtype><attwidth Sync="TRUE">19</attwidth><atprecis Sync="TRUE">0</atprecis><attscale Sync="TRUE">0</attscale></attr><attr><attrlabl Sync="TRUE">POB_0_14_P</attrlabl><attalias Sync="TRUE">POB_0_14_P</attalias><attrtype Sync="TRUE">Double</attrtype><attwidth Sync="TRUE">19</attwidth><atprecis Sync="TRUE">0</atprecis><attscale Sync="TRUE">0</attscale></attr><attr><attrlabl Sync="TRUE">POB_15_29_</attrlabl><attalias Sync="TRUE">POB_15_29_</attalias><attrtype Sync="TRUE">Double</attrtype><attwidth Sync="TRUE">19</attwidth><atprecis Sync="TRUE">0</atprecis><attscale Sync="TRUE">0</attscale></attr><attr><attrlabl Sync="TRUE">POB_30_59_</attrlabl><attalias Sync="TRUE">POB_30_59_</attalias><attrtype Sync="TRUE">Double</attrtype><attwidth Sync="TRUE">19</attwidth><atprecis Sync="TRUE">0</atprecis><attscale Sync="TRUE">0</attscale></attr><attr><attrlabl Sync="TRUE">POB_60_M_1</attrlabl><attalias Sync="TRUE">POB_60_M_1</attalias><attrtype Sync="TRUE">Double</attrtype><attwidth Sync="TRUE">19</attwidth><atprecis Sync="TRUE">0</atprecis><attscale Sync="TRUE">0</attscale></attr><attr><attrlabl Sync="TRUE">POB_ANALFA</attrlabl><attalias Sync="TRUE">POB_ANALFA</attalias><attrtype Sync="TRUE">Double</attrtype><attwidth Sync="TRUE">19</attwidth><atprecis Sync="TRUE">0</atprecis><attscale Sync="TRUE">0</attscale></attr><attr><attrlabl Sync="TRUE">POB_ANAL_1</attrlabl><attalias Sync="TRUE">POB_ANAL_1</attalias><attrtype Sync="TRUE">Double</attrtype><attwidth Sync="TRUE">19</attwidth><atprecis Sync="TRUE">0</atprecis><attscale Sync="TRUE">0</attscale></attr><attr><attrlabl Sync="TRUE">HOMBRES_AN</attrlabl><attalias Sync="TRUE">HOMBRES_AN</attalias><attrtype Sync="TRUE">Double</attrtype><attwidth Sync="TRUE">19</attwidth><atprecis Sync="TRUE">0</atprecis><attscale Sync="TRUE">0</attscale></attr><attr><attrlabl Sync="TRUE">HOMBRES__1</attrlabl><attalias Sync="TRUE">HOMBRES__1</attalias><attrtype Sync="TRUE">Double</attrtype><attwidth Sync="TRUE">19</attwidth><atprecis Sync="TRUE">0</atprecis><attscale Sync="TRUE">0</attscale></attr><attr><attrlabl Sync="TRUE">MUJERES_AN</attrlabl><attalias Sync="TRUE">MUJERES_AN</attalias><attrtype Sync="TRUE">Double</attrtype><attwidth Sync="TRUE">19</attwidth><atprecis Sync="TRUE">0</atprecis><attscale Sync="TRUE">0</attscale></attr><attr><attrlabl Sync="TRUE">MUJERES__1</attrlabl><attalias Sync="TRUE">MUJERES__1</attalias><attrtype Sync="TRUE">Double</attrtype><attwidth Sync="TRUE">19</attwidth><atprecis Sync="TRUE">0</atprecis><attscale Sync="TRUE">0</attscale></attr><attr><attrlabl Sync="TRUE">MUJERES_ED</attrlabl><attalias Sync="TRUE">MUJERES_ED</attalias><attrtype Sync="TRUE">Double</attrtype><attwidth Sync="TRUE">19</attwidth><atprecis Sync="TRUE">0</atprecis><attscale Sync="TRUE">0</attscale></attr><attr><attrlabl Sync="TRUE">MUJERES__2</attrlabl><attalias Sync="TRUE">MUJERES__2</attalias><attrtype Sync="TRUE">Double</attrtype><attwidth Sync="TRUE">19</attwidth><atprecis Sync="TRUE">0</atprecis><attscale Sync="TRUE">0</attscale></attr><attr><attrlabl Sync="TRUE">TOTAL_MADR</attrlabl><attalias Sync="TRUE">TOTAL_MADR</attalias><attrtype Sync="TRUE">Double</attrtype><attwidth Sync="TRUE">19</attwidth><atprecis Sync="TRUE">0</atprecis><attscale Sync="TRUE">0</attscale></attr><attr><attrlabl Sync="TRUE">MADRES_SOL</attrlabl><attalias Sync="TRUE">MADRES_SOL</attalias><attrtype Sync="TRUE">Double</attrtype><attwidth Sync="TRUE">19</attwidth><atprecis Sync="TRUE">0</atprecis><attscale Sync="TRUE">0</attscale></attr><attr><attrlabl Sync="TRUE">MADRES_S_1</attrlabl><attalias Sync="TRUE">MADRES_S_1</attalias><attrtype Sync="TRUE">Double</attrtype><attwidth Sync="TRUE">19</attwidth><atprecis Sync="TRUE">0</atprecis><attscale Sync="TRUE">0</attscale></attr><attr><attrlabl Sync="TRUE">MUJERES_AD</attrlabl><attalias Sync="TRUE">MUJERES_AD</attalias><attrtype Sync="TRUE">Double</attrtype><attwidth Sync="TRUE">19</attwidth><atprecis Sync="TRUE">0</atprecis><attscale Sync="TRUE">0</attscale></attr><attr><attrlabl Sync="TRUE">MADRES_ADO</attrlabl><attalias Sync="TRUE">MADRES_ADO</attalias><attrtype Sync="TRUE">Double</attrtype><attwidth Sync="TRUE">19</attwidth><atprecis Sync="TRUE">0</atprecis><attscale Sync="TRUE">0</attscale></attr><attr><attrlabl Sync="TRUE">MADRES_A_1</attrlabl><attalias Sync="TRUE">MADRES_A_1</attalias><attrtype Sync="TRUE">Double</attrtype><attwidth Sync="TRUE">19</attwidth><atprecis Sync="TRUE">0</atprecis><attscale Sync="TRUE">0</attscale></attr><attr><attrlabl Sync="TRUE">AL_MENOS_1</attrlabl><attalias Sync="TRUE">AL_MENOS_1</attalias><attrtype Sync="TRUE">Double</attrtype><attwidth Sync="TRUE">19</attwidth><atprecis Sync="TRUE">0</atprecis><attscale Sync="TRUE">0</attscale></attr><attr><attrlabl Sync="TRUE">AL_MENOS_2</attrlabl><attalias Sync="TRUE">AL_MENOS_2</attalias><attrtype Sync="TRUE">Double</attrtype><attwidth Sync="TRUE">19</attwidth><atprecis Sync="TRUE">0</atprecis><attscale Sync="TRUE">0</attscale></attr><attr><attrlabl Sync="TRUE">SIN_DISCAP</attrlabl><attalias Sync="TRUE">SIN_DISCAP</attalias><attrtype Sync="TRUE">Double</attrtype><attwidth Sync="TRUE">19</attwidth><atprecis Sync="TRUE">0</atprecis><attscale Sync="TRUE">0</attscale></attr><attr><attrlabl Sync="TRUE">SIN_DISC_1</attrlabl><attalias Sync="TRUE">SIN_DISC_1</attalias><attrtype Sync="TRUE">Double</attrtype><attwidth Sync="TRUE">19</attwidth><atprecis Sync="TRUE">0</atprecis><attscale Sync="TRUE">0</attscale></attr><attr><attrlabl Sync="TRUE">ALGUNA_NBI</attrlabl><attalias Sync="TRUE">ALGUNA_NBI</attalias><attrtype Sync="TRUE">Double</attrtype><attwidth Sync="TRUE">19</attwidth><atprecis Sync="TRUE">0</atprecis><attscale Sync="TRUE">0</attscale></attr><attr><attrlabl Sync="TRUE">NBI_PORC</attrlabl><attalias Sync="TRUE">NBI_PORC</attalias><attrtype Sync="TRUE">Double</attrtype><attwidth Sync="TRUE">19</attwidth><atprecis Sync="TRUE">0</atprecis><attscale Sync="TRUE">0</attscale></attr><attr><attrlabl Sync="TRUE">VIV_PART_2</attrlabl><attalias Sync="TRUE">VIV_PART_2</attalias><attrtype Sync="TRUE">Double</attrtype><attwidth Sync="TRUE">19</attwidth><atprecis Sync="TRUE">0</atprecis><attscale Sync="TRUE">0</attscale></attr><attr><attrlabl Sync="TRUE">IC_INF</attrlabl><attalias Sync="TRUE">IC_INF</attalias><attrtype Sync="TRUE">Double</attrtype><attwidth Sync="TRUE">19</attwidth><atprecis Sync="TRUE">0</atprecis><attscale Sync="TRUE">0</attscale></attr><attr><attrlabl Sync="TRUE">IC_SUP</attrlabl><attalias Sync="TRUE">IC_SUP</attalias><attrtype Sync="TRUE">Double</attrtype><attwidth Sync="TRUE">19</attwidth><atprecis Sync="TRUE">0</atprecis><attscale Sync="TRUE">0</attscale></attr><attr><attrlabl Sync="TRUE">UBIC_POBMO</attrlabl><attalias Sync="TRUE">UBIC_POBMO</attalias><attrtype Sync="TRUE">Double</attrtype><attwidth Sync="TRUE">19</attwidth><atprecis Sync="TRUE">0</atprecis><attscale Sync="TRUE">0</attscale></attr><attr><attrlabl Sync="TRUE">TOTAL_DEFU</attrlabl><attalias Sync="TRUE">TOTAL_DEFU</attalias><attrtype Sync="TRUE">Double</attrtype><attwidth Sync="TRUE">19</attwidth><atprecis Sync="TRUE">0</atprecis><attscale Sync="TRUE">0</attscale></attr><attr><attrlabl Sync="TRUE">TOTAL_DE_1</attrlabl><attalias Sync="TRUE">TOTAL_DE_1</attalias><attrtype Sync="TRUE">Double</attrtype><attwidth Sync="TRUE">19</attwidth><atprecis Sync="TRUE">0</atprecis><attscale Sync="TRUE">0</attscale></attr><attr><attrlabl Sync="TRUE">TOTAL_DE_2</attrlabl><attalias Sync="TRUE">TOTAL_DE_2</attalias><attrtype Sync="TRUE">Double</attrtype><attwidth Sync="TRUE">19</attwidth><atprecis Sync="TRUE">0</atprecis><attscale Sync="TRUE">0</attscale></attr><attr><attrlabl Sync="TRUE">NAC_BAJOPE</attrlabl><attalias Sync="TRUE">NAC_BAJOPE</attalias><attrtype Sync="TRUE">Double</attrtype><attwidth Sync="TRUE">19</attwidth><atprecis Sync="TRUE">0</atprecis><attscale Sync="TRUE">0</attscale></attr><attr><attrlabl Sync="TRUE">NAC_BAJO_1</attrlabl><attalias Sync="TRUE">NAC_BAJO_1</attalias><attrtype Sync="TRUE">Double</attrtype><attwidth Sync="TRUE">19</attwidth><atprecis Sync="TRUE">0</atprecis><attscale Sync="TRUE">0</attscale></attr><attr><attrlabl Sync="TRUE">MUJERES_NA</attrlabl><attalias Sync="TRUE">MUJERES_NA</attalias><attrtype Sync="TRUE">Double</attrtype><attwidth Sync="TRUE">19</attwidth><atprecis Sync="TRUE">0</atprecis><attscale Sync="TRUE">0</attscale></attr><attr><attrlabl Sync="TRUE">MUJERES__3</attrlabl><attalias Sync="TRUE">MUJERES__3</attalias><attrtype Sync="TRUE">Double</attrtype><attwidth Sync="TRUE">19</attwidth><atprecis Sync="TRUE">0</atprecis><attscale Sync="TRUE">0</attscale></attr><attr><attrlabl Sync="TRUE">HOMBRES_NA</attrlabl><attalias Sync="TRUE">HOMBRES_NA</attalias><attrtype Sync="TRUE">Double</attrtype><attwidth Sync="TRUE">19</attwidth><atprecis Sync="TRUE">0</atprecis><attscale Sync="TRUE">0</attscale></attr><attr><attrlabl Sync="TRUE">HOMBRES__2</attrlabl><attalias Sync="TRUE">HOMBRES__2</attalias><attrtype Sync="TRUE">Double</attrtype><attwidth Sync="TRUE">19</attwidth><atprecis Sync="TRUE">0</atprecis><attscale Sync="TRUE">0</attscale></attr><attr><attrlabl Sync="TRUE">TOTAL_NACI</attrlabl><attalias Sync="TRUE">TOTAL_NACI</attalias><attrtype Sync="TRUE">Double</attrtype><attwidth Sync="TRUE">19</attwidth><atprecis Sync="TRUE">0</atprecis><attscale Sync="TRUE">0</attscale></attr><attr><attrlabl Sync="TRUE">IND_121951</attrlabl><attalias Sync="TRUE">IND_121951</attalias><attrtype Sync="TRUE">Double</attrtype><attwidth Sync="TRUE">19</attwidth><atprecis Sync="TRUE">0</atprecis><attscale Sync="TRUE">0</attscale></attr><attr><attrlabl Sync="TRUE">IND_122042</attrlabl><attalias Sync="TRUE">IND_122042</attalias><attrtype Sync="TRUE">Double</attrtype><attwidth Sync="TRUE">19</attwidth><atprecis Sync="TRUE">0</atprecis><attscale Sync="TRUE">0</attscale></attr><attr><attrlabl Sync="TRUE">IND_122047</attrlabl><attalias Sync="TRUE">IND_122047</attalias><attrtype Sync="TRUE">Double</attrtype><attwidth Sync="TRUE">19</attwidth><atprecis Sync="TRUE">0</atprecis><attscale Sync="TRUE">0</attscale></attr><attr><attrlabl Sync="TRUE">IND_516462</attrlabl><attalias Sync="TRUE">IND_516462</attalias><attrtype Sync="TRUE">Double</attrtype><attwidth Sync="TRUE">19</attwidth><atprecis Sync="TRUE">0</atprecis><attscale Sync="TRUE">0</attscale></attr><attr><attrlabl Sync="TRUE">IND_516484</attrlabl><attalias Sync="TRUE">IND_516484</attalias><attrtype Sync="TRUE">Double</attrtype><attwidth Sync="TRUE">19</attwidth><atprecis Sync="TRUE">0</atprecis><attscale Sync="TRUE">0</attscale></attr><attr><attrlabl Sync="TRUE">Shape_Le_1</attrlabl><attalias Sync="TRUE">Shape_Le_1</attalias><attrtype Sync="TRUE">Double</attrtype><attwidth Sync="TRUE">19</attwidth><atprecis Sync="TRUE">0</atprecis><attscale Sync="TRUE">0</attscale></attr><attr><attrlabl Sync="TRUE">Shape_Area</attrlabl><attalias Sync="TRUE">Shape_Area</attalias><attrtype Sync="TRUE">Double</attrtype><attwidth Sync="TRUE">19</attwidth><atprecis Sync="TRUE">0</atprecis><attscale Sync="TRUE">0</attscale><attrdef Sync="TRUE">Area of feature in internal units squared.</attrdef><attrdefs Sync="TRUE">Esri</attrdefs><attrdomv><udom Sync="TRUE">Positive real numbers that are automatically generated.</udom></attrdomv></attr></detailed></eainfo><mdDateSt Sync="TRUE">20251004</mdDateSt></metadata>
